supplier_company_id,supplier_country_code,supplier_in_east_china,supplier_in_south_china,bookings_feature_first_enabled_at
663991,CN,f,t,
674105,US,f,f,2018-05-03 16:30:18.969
593587,US,f,f,2017-05-10 16:46:10.27
646575,US,t,f,
693257,CN,t,f,
740143,CN,f,t,
752445,IN,f,f,
672034,HK,f,t,
671639,CN,f,t,
664973,CN,t,f,
619733,US,f,f,
628242,HK,f,t,2018-08-17 08:42:04.152
755796,US,t,f,
707871,CN,f,f,2018-10-11 06:45:35.242
554183,US,f,f,
618261,US,f,f,
690834,CA,f,t,2018-10-22 06:53:35.241
628534,CN,t,f,
670676,VN,f,f,
754833,CN,f,t,2019-06-19 09:33:17.463
603554,US,f,t,
588774,CN,f,t,
548114,HK,f,t,
723929,CN,f,t,
213,US,t,f,
703783,TW,t,f,
721616,CN,f,f,
677213,TW,f,f,
666952,CN,t,f,
690643,CN,t,f,
547583,US,f,f,
610548,CN,f,t,
595176,VN,f,f,
713284,US,t,f,
751326,CN,t,f,
641046,US,f,f,2018-05-20 21:29:15.936
700505,US,f,f,
604053,US,f,f,
607346,CN,f,t,
696384,CN,f,t,2018-12-18 08:12:36.269
632807,CN,t,f,
616109,US,f,t,
676807,IN,f,f,
560380,HK,f,t,
735257,CN,t,f,2019-08-26 05:20:57.546
550779,US,f,f,
655083,CN,f,t,2018-08-24 07:39:02.766
641403,TW,f,f,
735695,CN,t,f,2019-04-04 09:44:15.689
720864,US,t,f,
693669,US,t,f,
667824,US,t,t,2018-09-25 21:11:51.175
632221,CN,f,t,2018-11-16 09:47:38.292
599924,US,f,f,
683118,TH,f,f,
764099,CN,f,t,2019-08-05 07:37:23.938
736208,CA,f,f,
753773,US,t,f,
588712,US,f,f,
663282,US,f,f,2018-11-26 19:00:49.385
736667,US,t,t,
601404,CN,f,t,2019-08-29 11:18:38.41
735160,CN,t,f,
665761,US,t,f,
700519,CN,f,t,2018-09-05 02:16:46.818
620655,HK,f,t,
560272,US,f,f,
753957,CN,f,t,
546432,US,f,f,
548223,US,f,t,2019-08-21 09:54:20.468
605084,TW,f,f,
642697,CN,f,t,2018-11-01 04:39:15.929
3313,US,f,f,
724159,HK,t,f,
648507,CN,f,t,
768116,CN,f,f,2019-08-27 04:00:17.173
693967,CN,f,f,
631676,CN,f,t,2017-08-11 02:02:57.836
712378,CN,t,f,
636609,CN,f,t,
698283,CN,t,f,
667837,VN,f,f,
618895,CN,t,f,
678096,CH,f,f,
694886,CN,f,f,
619943,CN,f,t,
748327,CN,f,f,
694753,CN,f,t,2019-08-15 07:54:42.241
544447,US,f,t,2019-02-12 00:34:44.227
600374,VN,f,f,2019-04-11 06:19:33.173
678629,TW,t,f,2018-05-16 16:37:10.43
762538,CN,t,t,2019-08-06 14:23:36.562
635978,CN,t,f,
585005,PH,f,f,
2762,US,f,f,2018-05-16 21:09:32.056
660335,CN,t,t,2018-05-18 02:34:10.317
749068,VN,f,f,
582691,US,f,f,
746546,CN,t,f,
624426,TW,f,t,2018-08-24 07:34:42.299
655570,KR,f,t,
633930,DE,f,f,
675037,CN,t,f,
758511,CN,f,t,
736901,GB,f,t,
684531,CN,f,t,
750401,CN,f,t,2019-06-03 07:20:50.262
740392,CN,f,t,
542541,AU,f,t,
681038,CN,t,t,2018-11-20 02:31:53.39
605568,FR,f,f,
730598,CN,f,f,
751341,US,f,t,2019-08-29 04:01:36.312
756454,HK,f,t,
749104,US,f,f,
547133,US,t,f,
698316,CN,t,t,
690151,CN,t,f,
904,US,f,f,
594563,CN,f,t,2018-05-18 03:13:59.136
695076,CN,f,t,
740154,TW,t,f,
652661,CN,t,f,
608033,HK,f,t,2018-08-19 14:20:12.521
680855,HK,f,t,2018-10-22 06:50:07.545
650701,HK,f,t,
675739,TW,f,f,
668573,CN,t,f,
600552,US,f,f,2018-02-16 22:25:51.139
732616,CN,t,f,
724635,US,f,f,
558774,CN,f,t,
565034,US,t,t,
732481,CN,t,f,
648242,US,f,t,2019-08-27 06:20:47.555
668418,GB,f,f,
739877,HK,f,t,
677030,VN,f,f,2019-07-29 17:57:12.008
639558,CN,f,t,2018-11-16 09:48:45.348
754498,CN,f,f,
599419,SE,f,f,
675504,CN,f,t,
649537,CN,t,f,2017-10-25 10:58:02.975
636681,HK,f,t,2018-08-22 06:15:47.264
768015,CN,f,t,2019-08-27 07:28:19.646
548419,US,f,f,
737711,CN,f,t,2019-04-01 02:50:55.213
754803,CN,f,t,
656743,CN,f,t,
598234,MY,f,t,2018-02-07 09:26:20.38
689953,HK,f,t,
751314,US,f,t,
668593,CN,t,f,2018-08-09 08:50:57.45
693423,US,f,f,
560454,SE,f,t,2019-03-07 07:16:43.624
637435,CN,f,t,2018-10-31 06:14:38.673
611355,US,f,f,
748749,CN,f,t,2019-08-27 06:01:07.823
631902,CN,f,t,
672131,US,f,f,
649468,CN,f,t,2018-08-10 02:43:01.553
751327,IN,f,f,
552884,US,f,f,
633728,CN,f,t,2017-08-11 02:04:51.609
674858,US,f,t,2019-08-13 21:01:36.402
669766,CN,t,f,
692503,US,f,f,
645979,CN,t,f,
715407,US,f,f,
726778,IN,f,f,
754553,HK,t,f,
759290,PH,f,f,
700919,CN,t,t,
637039,HK,f,t,
632043,US,f,f,
647324,CN,f,t,2018-08-17 09:31:04.665
688149,US,t,t,2018-08-13 03:29:37.236
699900,CN,f,t,
708907,CN,f,t,
742618,KR,f,f,
639194,CN,f,t,2018-11-16 09:47:59.331
748741,CN,t,f,
603183,CN,f,t,2018-05-18 03:02:10.669
731790,HK,f,t,
615513,US,t,f,
756042,US,f,f,2019-08-21 00:49:52.617
761955,US,t,f,
677935,US,f,f,2019-08-22 16:58:15.215
658200,DE,f,f,
670265,US,t,f,2019-06-24 13:25:43.726
653653,CN,f,t,2018-08-19 14:26:19.601
763275,CN,t,f,2019-07-31 09:31:39.862
749738,CN,t,f,
595588,CN,f,t,2018-12-14 06:30:02.176
697200,CN,f,t,
622264,US,f,f,
679801,US,f,f,
548467,NZ,f,f,
748636,TW,f,f,
739082,CA,f,f,
711691,VN,f,f,
685012,US,f,f,
595172,US,f,f,
715149,HK,t,t,
653216,NL,f,f,
662821,US,f,t,
612924,TW,f,t,2018-02-10 18:37:00.518
665137,DE,f,f,
637446,HK,f,t,2018-08-19 14:24:41.887
738277,CN,f,t,2019-08-14 09:53:03.76
557765,US,f,f,
553145,US,t,f,
670260,CN,f,t,2018-11-27 03:36:44.579
751018,CN,f,f,2019-06-06 06:30:37.353
635558,TW,t,t,2018-08-09 06:55:20.508
718520,US,f,t,2019-02-18 05:10:25.878
631582,US,f,f,
692817,US,f,f,
716980,HK,f,t,
643179,US,f,f,
725302,US,t,f,
666082,CN,f,t,
651588,CN,t,f,
547237,US,f,f,
686850,CN,t,t,
761141,CN,t,f,
585030,US,f,f,
733838,US,t,f,
728697,GB,f,f,
630970,CN,t,f,
642362,CN,f,t,2019-04-17 03:53:10.555
630391,AE,f,f,
684292,HK,f,t,2018-12-20 07:30:42.068
749691,CN,t,f,
619097,CN,f,t,
618528,US,f,f,
547239,US,f,f,2018-02-27 22:06:35.679
609571,HK,f,t,2019-03-19 06:09:24.369
681940,US,f,f,
647769,US,f,f,
613916,HK,f,t,
617546,CN,f,t,2018-11-27 03:33:35.489
751328,US,f,f,
623245,CN,t,t,
688847,CN,f,f,2018-08-21 06:00:32.085
584908,CN,f,t,
672793,MO,f,t,2018-08-19 14:22:50.11
621089,CN,f,t,2018-05-18 03:14:45.103
745646,CN,f,t,
686059,HK,f,t,
732843,US,f,f,
2688,US,f,f,2018-07-10 01:48:58.125
608922,CN,f,t,
654390,CN,f,t,
675396,ID,f,f,
720863,US,f,f,
557918,US,f,f,
672884,CN,t,f,
736590,IN,f,f,
605016,CN,t,f,
644254,CN,f,t,
728767,HK,f,t,
715687,CN,f,t,
670708,CN,f,f,2018-03-20 06:19:07.854
639434,CN,f,t,
700728,US,f,f,
731302,CN,f,t,2019-02-22 06:56:02.015
590968,US,f,t,
678484,CN,f,t,2018-11-01 03:45:34.515
611170,VN,f,f,
694902,HK,f,t,2018-11-28 04:06:22.264
642589,US,f,f,
665517,CN,f,t,2019-01-21 11:06:37.912
718259,US,f,t,
548421,US,t,f,
558041,US,f,t,
737467,US,f,f,
633726,CN,t,f,
641054,US,t,f,2018-05-20 21:28:54.001
693283,TW,f,f,
677758,CN,t,f,2018-09-20 08:10:15.39
668631,CN,t,f,
693646,TW,f,f,2019-06-11 06:00:05.005
616845,NL,f,f,
547203,US,f,f,2019-02-12 00:36:03.682
754555,CN,t,f,
605840,CN,t,f,
676001,CN,f,t,
715052,CN,f,t,2019-07-23 02:00:23.109
556417,CN,f,t,2019-03-28 12:24:19.625
669071,CN,f,t,2018-05-18 03:20:47.117
683281,US,f,t,
694805,US,f,t,2019-03-05 10:13:04.734
687655,HK,f,t,
733134,CN,f,t,
552011,US,f,f,
641476,CN,f,f,
637197,US,f,f,
590681,CN,t,f,
627962,US,f,t,2018-11-20 08:47:52.907
606633,US,t,f,
742176,US,f,f,
636843,DE,f,f,
590509,US,f,f,
670634,HK,f,t,2018-08-21 04:02:52.657
678501,CN,f,t,
585035,CN,f,t,
635828,HK,f,t,
676783,TW,f,t,
725391,US,f,f,
690222,CN,f,t,
690495,CN,f,t,2018-11-14 05:17:46.473
754590,CN,t,f,
748739,CN,t,f,
759301,PH,f,f,
708914,CN,f,t,
733783,US,t,f,
663661,US,f,f,
748617,CN,f,t,
740048,CN,f,f,
670398,CN,f,t,
675600,US,f,f,
667195,NL,f,f,
740395,CN,f,t,
736878,HK,f,t,2019-08-28 07:50:39.794
623268,CN,f,f,
749695,CN,t,f,2019-07-17 05:34:05.376
550192,US,f,f,
591860,US,f,f,
630164,US,f,f,
761468,CN,t,f,2019-07-23 07:35:23.238
698680,CN,t,f,
544712,US,f,t,
742918,CN,t,f,
589210,DE,f,f,2018-10-26 17:25:49.436
609627,US,t,f,
614717,CN,t,t,2018-05-18 03:03:01.188
704112,HK,f,t,
727001,CN,f,f,
677683,HK,f,t,
647362,CN,t,t,2018-09-20 06:06:17.119
671277,CN,t,f,
613329,CN,f,t,
730103,US,f,f,
602319,CN,t,f,2019-06-24 06:03:05.875
653849,CN,f,t,2019-06-20 08:08:53.301
624679,CN,f,t,2017-11-21 05:53:19.078
679986,US,f,f,
674414,CN,f,t,2018-08-21 03:51:27.918
694549,CN,f,t,2018-12-24 02:20:12.169
753488,CN,f,f,
656832,HK,f,t,2018-11-27 03:23:45.173
754669,CN,f,f,
606133,CN,f,t,2018-08-19 14:21:46.756
667336,US,t,t,2018-08-24 07:22:39.342
663571,CN,f,t,2018-08-24 07:35:15.475
625085,CN,f,t,
597274,TW,f,t,2018-08-24 07:21:22.516
643567,HK,f,t,
713726,US,f,f,
683352,CN,f,t,
640908,US,f,f,2018-05-29 22:40:44.7
672036,CN,f,t,2018-11-01 03:33:55.338
679502,CN,f,t,
656279,HK,f,t,2018-05-18 02:31:44.986
735720,CN,t,f,
677004,GB,f,f,
754534,IN,f,f,
556330,CN,f,t,
667491,US,f,f,
606248,TW,f,f,
677479,US,t,f,
658107,HK,f,t,2017-12-21 23:57:46.545
606237,CN,f,t,2018-05-18 02:47:27.748
751347,CN,t,f,
632899,US,f,f,
704880,US,t,f,
749758,TW,f,f,
636312,HK,f,t,
736094,HK,f,t,
585614,DE,f,t,
685737,US,f,f,2018-10-15 07:41:33.3
758819,CN,t,f,2019-07-17 10:58:55.646
635643,HK,f,t,
552838,US,f,f,
755684,VN,f,f,2019-08-27 12:48:40.25
601412,VN,f,f,
690714,US,f,f,
759799,US,f,f,
639280,US,t,f,
771980,CN,f,f,2019-09-17 05:04:10.807
766348,HK,f,t,2019-08-16 03:33:16.532
590245,NL,f,f,
565514,DE,f,f,
748113,CN,f,f,2019-08-28 07:51:58.168
668468,US,t,f,
613270,US,f,f,
548741,US,f,t,
724010,TW,t,t,
669846,US,f,f,2019-04-25 09:25:50.14
623228,US,f,f,2018-05-15 23:36:43.202
597318,TW,f,f,
649357,HK,f,t,
650425,CN,f,t,
673604,HK,f,t,2018-06-25 08:24:57.014
670705,CN,t,f,2018-03-19 08:35:44.509
750985,CN,t,f,2019-09-17 08:26:30.063
726704,PT,f,f,
602149,US,f,f,
628973,CN,t,f,
683021,CN,t,f,
751332,IN,f,f,
672693,CA,t,f,
651625,US,f,f,
601350,US,f,f,
684490,CN,f,t,2018-09-13 05:55:07.263
689792,CN,f,t,
735601,CN,t,t,2019-09-04 06:58:05.101
733549,TW,f,f,
733489,NL,f,t,
648276,TW,f,f,2019-07-08 10:16:25.246
752454,PK,f,f,
558545,US,t,f,
730600,US,f,f,
587297,US,f,f,2017-10-31 05:56:45.486
735988,CN,t,f,
724906,CN,f,t,
548164,CN,t,t,
590938,US,f,f,2018-05-16 04:49:26.153
736305,CN,t,t,2019-03-27 05:39:36.353
650281,HK,f,t,
759125,CN,f,f,
559064,CN,f,t,2018-11-01 03:42:46.071
684975,US,t,t,
614496,US,f,f,
679175,CN,f,t,
606729,CN,f,t,2018-08-19 14:20:38.735
634903,CN,f,t,2019-04-18 09:07:53.416
728672,US,f,f,
612579,US,f,f,
746003,CN,f,t,2019-05-14 03:45:32.039
707938,CN,f,t,2018-10-24 05:40:35.808
710441,DE,f,f,
770942,CN,f,f,
559657,US,f,f,
754550,CN,f,f,
589719,US,f,f,
759299,PH,f,f,
730084,CN,t,f,
666522,TH,f,f,
615507,US,f,f,
655592,TW,f,f,
663662,HK,f,t,
566710,US,t,f,2017-09-01 00:02:51.733
713872,CN,t,f,
754508,IN,f,f,2019-08-22 10:20:44.977
742817,CN,f,t,
641599,CN,f,t,2018-02-26 10:00:06.384
613298,CN,f,t,
604165,US,f,t,2019-08-29 09:35:56.632
689157,CN,f,t,
758858,US,f,f,
731814,CN,f,t,2019-02-28 03:23:25.737
646360,HK,f,t,
556603,US,f,t,2019-04-10 09:39:23.311
636594,HK,t,t,2018-05-18 03:18:41.974
706422,US,f,f,
723661,IN,f,f,
750718,TW,f,f,
691603,CN,t,f,
658293,HK,f,t,
681403,US,f,f,2019-09-04 02:17:18.452
687850,VN,f,f,
650965,CN,f,t,
740146,CN,f,t,
608743,CN,f,t,2019-03-19 08:28:09.715
638840,CN,t,f,
661102,CN,t,f,
652943,CN,f,t,2018-11-01 03:45:45.705
592537,TW,t,f,
600758,CN,f,t,
713145,US,f,f,
624835,CN,f,t,2018-05-18 03:22:02.351
608421,CN,f,f,
711245,US,f,f,
759920,CN,t,f,
631542,US,t,f,
584818,DE,f,f,
609569,CN,f,t,2019-03-25 07:14:44.029
675118,CN,f,t,2018-08-21 04:01:45.293
666443,US,f,f,
670605,US,f,t,
603499,KR,f,f,
720953,HK,t,f,
639321,US,f,f,
698000,CN,f,t,2018-08-23 09:07:59.075
685091,CN,f,t,
605268,CN,t,f,2018-10-31 08:51:21.366
703757,US,f,f,
680958,US,f,t,
617594,US,f,f,
661157,US,f,f,
729555,US,f,f,
590095,US,f,t,
648,US,f,f,
597989,CN,t,f,2017-10-13 07:11:07.628
544356,US,t,f,
756442,CN,f,t,
546985,CN,f,t,
585228,US,f,f,
592528,TW,f,f,
633729,CN,t,f,
734141,IN,f,f,
682476,CN,f,t,
606412,HK,f,t,2018-05-18 01:50:08.429
654094,HK,f,t,2018-11-27 03:19:09.029
748392,CN,f,f,
749342,CN,t,f,
703507,CN,f,t,
742682,NL,f,f,
615110,CA,f,f,
660730,HK,f,t,2018-11-27 03:36:37.836
582991,SG,f,t,2018-08-21 03:54:25.82
754469,TR,f,f,
557190,US,f,t,
620646,CN,t,f,
665502,CN,f,t,2019-09-16 06:09:45.593
681447,HK,f,t,
560971,CN,f,t,2018-05-18 02:45:57.98
717619,US,f,t,
670036,HK,f,t,2018-08-24 07:26:39.099
669089,CN,f,t,2018-09-12 03:45:37.291
749717,CN,t,f,
641230,HK,f,t,
681377,HK,t,t,2018-11-07 09:41:20.118
606398,US,f,f,
754791,CN,t,f,
669407,CN,f,t,
557189,US,f,f,
748744,CN,t,f,
552656,CN,f,t,2019-05-27 08:50:37.8
673505,CN,t,t,
684031,CN,t,t,
715436,US,f,f,
1136,US,t,t,2019-07-26 17:18:19.198
675665,HK,f,t,2018-06-28 00:21:21.216
602488,CN,f,t,2019-04-15 09:49:57.718
703770,TW,f,f,
635813,HK,f,t,2018-11-01 04:22:56.14
669509,CN,f,t,2018-08-21 04:02:09.211
558526,GB,f,f,2018-01-04 20:54:39.062
547555,US,f,f,2017-04-07 21:36:53.31
751309,CN,f,f,
588931,HK,f,t,2019-08-29 01:48:06.064
745165,US,f,f,
736297,HK,f,t,2019-08-21 10:18:39.477
699170,CN,f,t,2018-09-04 03:55:35.289
726239,CN,f,t,
745233,CN,f,f,
746015,CN,t,f,
588572,US,f,f,2018-07-05 05:07:19.804
553633,US,f,f,
672544,US,f,f,
552135,CN,t,t,2018-08-24 07:23:48.693
772067,CN,f,f,
625176,US,t,t,2018-04-19 16:53:29.301
693668,HK,f,t,
732548,US,t,f,
684892,HK,f,t,2019-02-15 06:02:59.508
609946,CN,f,t,
600342,CN,f,t,2018-09-16 15:49:32.482
636795,HK,f,t,2018-05-18 02:40:08.882
693289,HK,f,t,2018-11-07 09:41:27.056
749086,CN,t,f,
547054,US,f,f,
583055,TW,f,t,2019-04-16 09:53:29.41
643964,HK,t,t,2018-05-18 03:09:30.742
686325,US,t,f,
677656,US,t,f,
597930,CN,t,f,
597869,DE,f,f,
589953,US,f,f,2019-08-06 18:45:48.404
627970,IT,f,f,
546174,CN,f,t,
719995,US,f,f,
667581,US,f,f,
730928,CN,f,t,
753947,CN,f,f,
681758,CN,f,t,2019-03-13 09:53:59.419
695573,US,f,f,
749580,CN,f,t,
660318,CN,f,t,
771758,CN,f,f,
740933,CN,t,f,
557056,HK,t,t,2019-01-21 09:39:50.052
560588,NL,f,f,2019-08-21 09:59:29.519
639239,BE,f,f,2018-02-16 16:52:56.643
663599,US,f,f,
594376,US,f,t,
723083,US,t,f,
546339,US,t,f,2019-08-30 13:25:23.468
736285,US,f,f,
733804,US,f,f,
723658,CN,f,f,
761453,PH,f,f,
718037,US,t,f,
635834,HK,f,t,
690944,HK,f,t,
637261,HK,f,t,2018-05-18 03:14:55.279
722935,HK,f,t,
668587,SE,t,t,
683679,US,t,f,
610171,TW,t,f,2019-08-16 20:06:33.404
759319,PH,f,f,
710091,CN,t,f,
744763,HK,f,f,
713357,KR,f,f,
658374,HK,t,f,2019-04-24 07:30:28.229
661795,CN,t,f,2019-08-16 20:08:09.821
603941,CN,f,t,2018-05-18 03:16:29.739
668561,CN,f,t,
674601,CN,f,t,2018-08-28 09:46:54.625
747697,TR,f,f,
643607,US,f,t,2018-04-20 08:39:25.251
593541,GB,f,f,
764127,CN,f,t,2019-08-29 10:22:05.122
668934,US,f,f,
615925,HK,f,t,
749697,CN,t,f,
720043,US,f,f,
726909,US,f,f,
739474,CN,f,t,2019-05-22 05:51:31.308
635848,HK,f,t,
737903,CN,t,f,
642227,CN,t,f,
583840,CN,f,t,2018-08-19 14:23:05.524
682713,HK,f,t,
698851,US,f,f,
557917,CA,f,t,2018-10-18 08:39:32.867
679717,DE,f,f,
607315,CN,t,t,2018-11-14 07:37:15.258
673504,CN,f,t,
670804,CN,f,t,
766967,US,f,f,
639132,US,f,t,
625374,CN,f,t,2018-08-22 06:18:26.164
761746,CN,f,t,2019-07-31 10:08:04.318
673709,CN,f,t,2019-03-25 08:00:46.066
754560,CN,f,t,
727140,US,f,f,
623583,US,t,t,2018-10-22 06:24:56.439
670714,CN,f,t,2018-10-31 09:23:08.916
754479,VN,f,f,2019-07-16 06:51:36.693
713122,CN,f,t,
748940,TW,f,f,2019-08-28 02:47:27.209
635842,HK,f,t,2017-11-21 03:15:45.086
544756,CN,f,f,
608475,HK,f,t,
641007,IT,f,f,
713508,US,f,t,
644111,US,f,f,
597159,US,f,f,
646066,GB,f,f,
680417,US,f,f,
724601,CN,f,t,2019-03-19 05:53:03.389
597280,US,f,f,
642250,HK,f,t,2018-09-19 02:15:50.401
624253,CN,f,t,2018-06-12 02:49:25.468
546825,US,t,f,2018-06-01 23:14:47.911
689980,CN,f,t,
745843,US,f,f,
672345,CA,f,f,
706357,DE,f,f,
708976,CN,f,t,2018-10-15 08:42:51.167
566134,US,f,f,2019-03-27 22:21:55.458
712179,HK,f,t,
676997,US,t,f,
667755,HK,f,t,2018-08-17 09:14:09.25
667819,CN,t,f,
671688,IN,f,f,
556739,US,f,f,2018-02-15 21:25:29.826
587727,CN,f,t,2019-06-24 09:53:36.386
638626,CN,f,t,2018-08-19 14:22:07.256
667289,CN,f,t,
654833,CN,f,t,
683797,CN,t,f,
552544,US,f,f,
630529,US,f,f,2019-07-29 04:24:40.572
641216,HK,f,t,
745633,CN,t,f,
712857,GB,f,f,
686589,CN,t,t,
2876,US,f,f,
646832,US,f,f,2019-04-15 05:48:02.143
548988,US,f,t,2018-09-26 03:51:22.45
599854,CN,f,t,2018-05-18 01:41:19.157
751663,CN,f,f,
663596,HK,f,t,2018-08-24 07:37:34.63
682238,CN,f,t,
657395,TW,f,f,
768177,CN,f,t,
758944,US,f,f,
749740,CN,f,t,2019-06-10 10:51:39.398
676740,HK,f,t,2018-08-24 07:27:48.122
652475,HK,t,f,
750666,TW,f,f,
614692,TW,t,f,
548732,US,f,f,
749692,HK,t,f,
729981,CN,t,f,
670754,US,f,f,
610519,US,f,f,
720575,US,f,f,
754558,CN,t,f,
754493,HK,f,f,2019-08-14 03:38:58.024
639361,CN,f,t,2018-11-16 07:17:29.793
597808,US,f,f,
754524,TW,f,f,
660483,CN,t,f,2019-08-16 20:08:03.419
651728,HK,f,t,2018-09-19 02:14:25.864
690446,TW,t,t,
603262,US,f,t,
667826,US,f,f,
588153,US,t,f,
550097,US,f,f,
754497,CN,t,f,2019-07-22 05:40:10.634
677775,CN,f,t,
702122,HK,f,f,2018-09-13 09:34:10.381
600760,TW,t,f,
584850,US,f,f,
698041,US,f,t,
557559,US,f,t,
668041,AU,f,f,
606239,CA,f,f,
595790,CN,t,t,
552244,US,f,f,
770478,HK,f,t,
869,US,f,t,2019-01-23 02:45:26.805
674106,CN,f,f,2019-02-04 02:09:43.174
637238,US,f,f,
696884,CN,f,t,2018-12-06 07:15:33.101
623923,PE,f,f,2019-08-22 03:02:24.265
693225,CN,t,f,
727064,HK,f,t,
631232,IT,f,f,2017-07-12 11:22:05.675
558345,US,f,t,
716326,HK,t,t,
640680,HK,f,t,
671626,US,f,f,
638244,CN,f,t,2018-09-20 10:34:44.354
657191,CN,t,f,
736605,IN,f,f,
589339,CN,f,t,
589278,US,f,f,
661449,US,f,f,
732273,CN,f,t,
553701,US,f,f,
612112,BE,f,f,
612417,CN,t,t,2019-02-25 02:27:35.425
748651,CN,t,f,
635650,HK,f,t,2018-05-18 02:55:14.268
609303,US,t,f,2018-05-16 21:10:23.254
735137,CN,f,t,2019-05-30 05:31:31.274
607356,US,t,f,
647461,CN,f,t,
754530,IN,f,f,
639592,TW,f,f,
665708,TW,f,t,2018-08-22 06:17:36.635
655736,TW,f,t,
550086,US,f,f,
586294,MY,f,t,
756075,US,f,f,
653817,CN,f,t,
712784,TW,f,f,2018-10-31 09:19:59.878
736335,HK,f,t,
616580,DE,f,f,
547503,HK,t,t,2018-11-12 03:23:36.237
559173,US,f,t,
585681,US,f,f,2017-10-27 00:10:13.455
708692,CN,f,t,2018-10-14 01:25:41.45
640778,HK,f,t,
684938,NL,t,f,
613990,CN,f,t,2017-10-25 10:57:46.908
614680,TW,t,t,2018-10-10 03:06:17.058
698643,CN,f,t,2018-08-30 08:04:29.207
724899,CN,f,t,
696284,US,f,f,
767031,US,f,f,
608889,CN,f,t,2018-08-19 14:21:19.539
589533,US,f,f,
614694,TW,f,f,
710292,US,f,f,
608166,CN,f,t,2018-05-18 03:17:48.819
654310,CN,f,t,2018-11-16 09:46:00.635
558405,US,t,t,
645942,US,f,f,
710952,US,f,f,
598098,US,f,f,2018-01-18 07:08:40.209
749699,CN,t,f,
637531,CN,f,t,
618601,CN,f,t,
584585,CN,t,f,
727024,KR,f,f,
597786,US,f,f,
600585,CN,f,t,2019-02-26 06:24:37.808
599606,VN,f,t,
670755,CN,f,t,2018-08-24 07:48:07.483
627971,IT,f,f,
675659,VN,f,f,
702454,CN,t,t,
614302,HK,f,t,
705428,US,f,f,
630557,HK,f,t,
756476,CN,f,t,
667760,CN,f,f,
760592,CN,f,t,
548913,US,f,f,
663829,GB,t,f,
756005,CN,t,t,
679156,CN,t,f,
642132,US,f,f,
754538,CN,f,f,
641853,TH,f,f,
679922,CN,f,t,2019-08-26 08:18:33.162
625470,HK,f,t,
683555,LK,f,f,
610056,US,f,f,
640410,CN,f,t,2018-08-19 14:21:03.469
1054,US,f,t,
604932,US,f,f,
556047,US,t,f,
615850,US,f,t,
733161,CN,f,t,2019-03-07 06:50:38.233
607223,CA,f,f,
645866,CN,f,t,
546385,US,t,f,
670969,MX,f,f,
608519,US,f,f,
622800,CN,f,t,2018-08-24 07:20:46.635
696609,CN,f,t,
559907,TW,f,f,
729518,PT,f,f,
745868,HK,f,t,2019-08-12 08:37:12.336
684750,PT,f,f,
754491,HK,f,f,
705882,TH,f,f,2019-01-22 06:37:28.468
684273,HK,f,t,2018-11-07 09:38:28.639
583732,US,f,t,2017-05-23 22:04:18.236
749757,CN,f,t,2019-06-11 05:22:29.689
600232,HK,t,t,2017-12-12 13:57:33.605
548254,US,f,f,2018-05-16 21:09:18.162
679848,VN,f,f,
754515,CN,f,f,
695254,US,f,f,
660649,TH,f,f,
637877,US,t,f,
650349,US,t,t,
658565,US,f,f,
622271,US,f,f,
751349,CN,t,f,
635849,HK,f,t,2018-07-24 10:23:05.573
733737,KR,f,f,
637252,HK,f,t,
709186,HK,t,t,
696649,MY,f,f,
697417,US,t,f,2019-07-19 07:16:27.091
748103,CN,t,f,
689361,CN,f,t,2019-04-10 09:31:01.019
588813,US,t,f,
727127,US,f,f,
637999,HK,f,t,2019-03-19 06:32:09.444
732952,CN,t,f,
752301,US,f,t,
621903,HK,f,t,2018-10-31 09:02:25.103
625209,CN,f,t,
756231,CN,f,t,2019-09-16 08:22:43.976
559390,US,f,f,
748121,TW,f,f,
671857,TW,f,t,
592161,US,f,t,2018-11-19 09:26:54.971
747896,HK,f,t,2019-07-16 10:03:57.19
693823,CN,t,f,
726321,ID,f,f,
681730,CN,f,t,
674827,CN,t,f,
546237,US,f,f,
731280,CN,f,t,
627697,IT,f,f,
720558,US,f,f,
643057,MO,f,t,
674144,CN,f,t,2018-08-17 09:09:20.033
718332,CN,f,t,
566025,US,f,f,
680898,US,t,f,
546596,US,f,f,
733157,CN,f,t,2019-03-07 07:49:29.603
637851,CN,t,f,
607560,CN,f,t,
592691,HK,f,t,
637869,CN,f,t,2018-08-19 14:24:15.26
1237,US,f,f,
542545,TH,t,f,
841,US,f,f,
584427,CN,f,t,
659589,CN,f,t,2019-01-08 07:41:01.462
694088,HK,f,t,
637646,CN,t,f,
641306,CN,f,t,2018-08-23 09:03:41.069
644439,CN,f,t,2018-12-14 06:30:14.835
717674,TW,f,t,
700496,US,t,f,
602748,US,f,f,
660303,US,t,f,
552421,US,f,f,
613877,CN,f,t,
680207,HK,t,t,2018-10-24 09:23:22.674
602077,CN,f,f,
558821,CN,f,t,2018-09-04 05:10:18.393
635727,CN,f,f,
622432,US,f,f,2018-12-05 22:40:13.843
597859,CN,f,t,2019-04-03 06:29:26.254
754487,TW,f,t,
621166,HK,f,t,
694725,US,f,f,
672555,CN,f,t,
746334,CN,t,f,
692608,SG,t,f,
704503,US,t,f,
548673,HK,f,t,2018-08-17 08:31:27.592
738037,TW,t,t,
614715,TW,t,t,
614280,CN,f,t,2018-04-12 05:15:11.855
717677,CN,f,t,
693468,CN,f,t,2018-11-28 06:25:35.997
726155,CN,f,f,
553744,US,t,f,
724686,HK,f,t,
642848,CN,t,t,
719393,US,f,t,
547405,US,f,f,
751318,CN,t,f,
741676,CA,f,f,
748067,CN,t,f,
694473,SG,f,f,
754522,CN,f,f,
681752,HK,f,t,2018-10-19 04:42:05.222
672831,HK,f,t,
752691,CN,f,t,2019-07-24 06:55:39.24
768312,CN,f,f,2019-09-05 09:10:39.066
733366,CN,f,t,2019-03-18 07:00:17.935
751955,CN,f,t,
638062,HK,f,t,
675771,TW,f,t,2018-08-21 03:55:13.472
622507,US,f,f,
675694,CN,f,t,
603207,CN,f,t,2019-01-11 06:06:14.389
557582,US,t,f,2019-01-24 22:09:13.515
620908,HK,f,t,2018-08-22 06:15:22.449
662439,CN,f,t,2018-05-18 02:51:35.907
592310,US,f,f,
735966,US,f,f,
598560,CN,t,t,
697666,HK,f,t,
608918,CN,f,t,2018-05-18 02:22:41.249
722495,VN,f,f,
678858,CN,t,f,
836,US,f,f,
688824,CN,t,t,2018-11-27 03:40:02.27
639176,CN,t,f,
701363,CN,f,t,2018-10-08 03:05:02.338
679369,US,f,f,2019-08-08 03:53:23.015
636800,HK,f,t,2018-08-01 01:42:33.244
593727,CN,f,t,
759306,PH,f,f,
693786,CN,t,f,2018-08-16 05:34:57.351
544922,US,f,f,
749089,TW,f,f,
591542,US,f,f,
546427,US,f,f,
660761,CA,t,f,
734363,CN,t,f,
605995,CN,t,f,
591269,US,f,f,
582324,CN,f,t,2018-10-31 06:40:59.013
709977,CN,t,f,
665681,GB,f,f,
641224,HK,f,t,
713112,CN,f,t,2018-11-15 07:17:27.16
612520,US,f,t,
595432,HK,f,t,
730147,US,t,t,
604240,DE,f,f,
751193,US,f,t,
758551,CN,f,t,
611772,ID,f,f,
640558,CN,f,f,
611196,CN,t,f,
605776,US,f,t,
727955,CN,f,t,
679461,CN,f,t,
555082,US,f,f,
668570,DK,t,f,2018-07-25 17:54:28.672
678500,CN,f,f,
592005,US,f,t,
583532,US,f,f,
647918,CN,f,t,2018-08-17 09:34:04.376
749890,DK,f,f,
635949,US,f,f,
1415,US,f,f,
745746,CN,f,t,
605255,CN,t,f,2017-11-08 00:33:13.612
641462,CN,f,t,2018-05-18 02:52:54.726
688539,CN,f,f,
605777,CN,f,t,
735658,US,f,t,
594943,CN,f,t,
706002,US,f,f,
594226,US,f,f,
606923,IN,f,f,
756466,CN,f,t,2019-07-17 05:25:32.121
681508,NL,t,t,
670501,HK,f,t,2018-11-27 03:20:57.973
766829,CN,f,t,2019-08-30 01:03:25.514
650725,CN,f,t,2018-08-17 09:29:24.629
746830,HK,f,t,
700693,US,f,t,
605759,US,f,f,
631323,US,f,t,
734959,TR,f,f,
682908,US,f,t,2018-12-07 09:51:21.882
607970,US,f,f,
653980,CN,f,t,
668403,CN,t,f,2018-07-17 08:23:40.515
673949,HK,f,t,
553798,US,f,f,
549989,CN,f,t,2019-02-28 08:31:02.332
633651,CN,f,t,
766021,CN,t,f,2019-08-15 20:21:25.042
607505,US,f,f,
549483,US,f,f,2017-11-14 04:48:42.104
633193,PE,f,f,
750660,CN,t,f,
716816,CA,f,t,2019-02-15 02:57:43.014
637190,US,f,f,2018-05-20 21:29:34.39
669926,US,f,f,
603583,US,t,f,2018-03-12 22:17:14.84
671301,HK,f,t,
761124,HK,f,t,
543943,US,f,t,2018-02-07 09:26:35.479
668574,CN,t,f,2018-07-30 07:39:29.086
555460,NL,f,f,
597679,IT,f,f,2017-10-31 05:56:58.108
2954,US,t,f,
587658,US,f,f,
606659,VN,f,f,
757496,CN,t,f,2019-09-11 05:46:25.592
754613,CN,t,f,2019-08-06 13:24:40.785
701809,US,f,f,
583342,US,f,t,
715283,GB,f,f,
686999,CN,f,t,2019-08-26 05:38:15.704
655095,HK,f,t,2018-11-08 07:51:44.653
697580,US,f,t,
609687,CN,f,t,2017-12-07 04:57:33.646
610736,HK,f,t,
685562,TW,f,f,
686265,HK,f,t,2018-10-24 08:12:58.112
691536,CN,t,f,
726933,CN,f,t,
754512,CN,f,f,
614722,CN,t,f,
552015,US,f,f,2019-03-28 18:00:22.616
644281,HK,t,t,2018-05-18 02:18:42.237
754484,HK,f,t,2019-08-28 13:51:14.642
699493,CN,t,f,2018-09-11 06:35:35.499
759435,VN,f,f,
654938,HK,f,t,
637642,HK,f,t,2018-08-24 07:23:01.177
723911,CN,t,t,
597781,US,f,f,2017-11-15 18:16:29.405
718281,CN,f,f,
711693,IN,f,f,
691263,CN,f,t,
614376,US,f,f,
595961,US,f,f,
600188,CN,t,f,
656746,CN,f,t,
673305,CN,f,t,
641575,CN,t,f,
595300,CH,f,t,
638101,CN,f,t,
355,US,f,f,
669243,CN,f,t,2018-09-11 05:15:30.269
727053,CN,f,f,
763372,HK,f,t,2019-08-15 03:30:24.889
644262,TW,f,f,
679110,US,f,f,
756177,CN,t,f,
590679,CN,t,f,
720756,ES,f,f,
747637,IN,f,f,
748753,IN,f,f,
680952,US,f,f,
592899,HK,f,f,2018-02-06 03:56:25.852
706651,TH,f,f,
589989,US,f,t,
668502,US,t,t,
593865,US,f,f,2019-04-03 21:30:09.928
557454,US,f,t,2019-07-11 03:26:58.05
643248,HK,t,t,2019-03-27 07:14:26.1
644896,US,f,f,
702766,US,f,f,
646850,US,t,t,
679041,CN,f,f,
654884,US,f,t,2018-12-18 09:23:19.015
697656,KR,t,f,
754471,IN,f,f,2019-07-30 03:56:19.955
646272,CN,t,f,
552373,US,f,t,
595067,HK,f,t,2017-11-21 05:55:16.791
600209,HK,f,t,2018-05-18 03:14:23.927
649063,NL,f,t,2019-08-26 07:17:31.067
680992,CN,t,f,
619146,US,f,f,
708168,US,t,f,
683833,HK,f,t,2018-10-22 06:50:25.905
585863,NL,t,t,
643359,US,f,f,
681954,TW,f,t,
656095,HK,f,t,2018-08-17 06:58:38.376
703022,US,f,t,
720413,CN,f,t,
555601,CA,f,f,2019-08-15 22:59:42.871
546609,CA,f,f,2017-12-01 23:36:15.371
682597,HK,f,t,
733723,CN,f,t,
639737,US,f,f,
712079,US,f,f,
724743,HK,f,t,
717219,CN,t,t,2019-04-19 06:35:10.469
708697,US,t,f,
675004,CN,t,f,
645923,TH,f,f,
686266,CN,f,f,2018-06-26 03:49:51.956
608432,CN,t,f,
627972,IT,f,f,
682052,CN,t,f,
677040,CN,f,t,2018-11-28 00:51:28.428
754655,CN,f,f,
669388,CN,f,t,2018-08-08 08:37:38.526
681851,HK,f,t,2018-10-15 09:08:47.642
760898,HK,f,t,
733262,US,f,t,
700689,HK,t,t,
729877,NL,f,f,
719822,US,t,f,
585598,US,f,f,
2548,GB,f,f,2017-09-14 18:24:19.523
599044,CN,t,t,
643480,US,f,f,
695896,CN,f,t,
606418,CN,f,t,2019-03-19 08:31:04.294
565476,US,f,t,
754616,CN,f,f,2019-07-25 13:05:56.715
750761,CN,t,f,2019-07-22 09:45:54.112
615962,HK,f,t,2018-05-18 02:07:36.069
587831,US,f,f,
632049,US,f,t,
735206,CN,t,f,
650216,US,f,t,
732329,US,f,t,
751337,CN,t,f,
605237,US,f,t,
754594,TW,f,f,
675857,US,f,f,
730965,CN,f,t,2019-09-02 03:43:33.507
3467,US,f,f,
609567,CN,t,t,
719888,US,f,f,
695677,PL,f,f,2019-08-25 20:13:15.124
758045,IN,f,f,
671085,VN,f,f,
586810,CN,f,t,2018-10-29 10:04:29.814
547281,US,f,f,2019-05-01 04:49:11.509
542703,TW,f,f,2019-04-25 08:34:51.108
685027,US,f,t,
759126,HK,f,t,
605920,US,f,f,
603912,US,f,f,2018-02-16 16:52:06.437
742589,PH,f,f,
676914,IN,f,f,2019-02-25 05:59:29.613
748406,CN,f,t,2019-07-17 09:01:37.28
712968,US,f,f,
649524,HK,f,t,
721055,US,f,f,
608747,HK,f,t,2019-03-19 08:33:23.904
735962,CA,f,t,2019-05-02 23:45:13.305
553984,US,f,f,2018-04-06 08:28:08.054
749693,CN,t,f,
708193,HK,f,t,
602432,US,f,t,
656750,US,f,t,
748973,CN,f,t,
585401,CN,f,f,2019-07-02 22:50:27.314
1200,US,f,f,
601400,CN,t,f,
683801,CN,t,t,
590685,HK,f,t,
627980,IT,f,f,
622995,US,f,f,
654843,TW,f,f,
635215,US,f,f,2018-12-06 21:40:29.265
754477,CN,f,f,
669989,CO,f,f,
593860,US,f,f,
697715,CN,f,t,
748394,CN,t,f,
602104,US,f,f,
725672,CN,t,f,2019-02-15 06:27:37.616
547000,US,f,t,2018-12-12 07:17:12.22
673730,CN,f,t,2018-06-01 02:09:22.538
731279,VN,f,f,
661025,US,t,t,2018-11-29 05:27:41.131
739158,US,f,f,
694942,CN,f,f,
630627,TR,f,f,
714744,CN,t,f,
617353,US,f,f,
645991,CN,f,t,2018-11-27 03:21:44.135
670397,HK,f,t,2018-05-18 03:16:19.721
759101,CN,f,t,
741000,CN,t,f,
586507,US,f,f,
749849,TR,f,f,
737221,HK,f,f,
696175,IN,f,f,
755883,TW,f,t,
723799,US,f,f,
592690,CN,f,t,
697959,CN,f,t,
700707,CN,f,t,
748102,CN,f,t,2019-08-19 08:51:46.128
734311,US,f,t,
766253,TW,f,f,
668351,CA,t,f,2019-08-02 17:10:55.655
584965,CN,t,f,
2958,US,f,f,
749589,CN,f,f,
691959,HK,f,t,2018-07-26 03:05:53.612
641218,HK,f,t,
606992,CN,t,t,2018-08-17 09:41:05.512
638027,CN,f,t,
618490,HK,f,t,
669618,GB,f,f,
751334,HK,f,t,2019-06-05 07:35:05.643
599491,CN,f,t,2019-03-20 02:11:44.248
603281,US,t,f,2018-05-07 17:18:39.108
672723,NL,t,t,
674593,CN,t,f,
649928,CN,f,t,2018-05-18 03:14:35.787
637885,DE,f,f,
676789,CN,f,f,
690093,US,t,f,
698436,HK,t,t,2019-04-08 02:14:03.648
632897,AE,f,f,
653032,US,f,f,
675050,CN,f,t,
749077,CN,t,f,
692388,CN,t,f,2018-11-07 09:42:06.547
560757,TW,f,t,
557500,US,f,f,
671739,US,f,f,
609543,CN,t,f,
552191,US,f,f,
553499,US,f,f,
703725,US,f,f,
726108,US,f,f,
760289,CN,f,f,2019-07-17 08:52:52.567
748381,ID,f,f,2019-05-21 09:00:31.706
710991,KR,f,f,
548617,US,f,f,
751345,CN,t,f,
556904,AU,f,t,
731245,CN,f,t,
587754,US,f,t,
756903,US,f,f,
669113,CN,t,t,2018-09-13 03:34:24.069
655294,US,f,f,2019-08-29 03:45:44.129
630870,NL,f,f,
592530,TW,t,f,
677933,US,f,f,
700375,TW,f,f,
755000,VN,f,f,
589890,CN,f,f,
754507,CN,f,f,
754532,CN,t,f,
754679,CN,f,t,
754665,CN,t,f,
587823,US,t,f,
553406,US,f,t,
606857,CN,f,t,
754645,CN,f,f,
551485,HK,f,t,
609555,CN,f,t,2017-05-08 16:32:31.545
696382,CN,t,f,
714373,US,f,f,2019-05-16 01:03:38.502
638007,CN,t,f,
744980,PH,f,f,
724848,DE,f,f,
556912,US,f,f,
738196,CN,t,t,
679484,HK,f,t,
718886,TW,f,t,
643014,HK,f,t,2018-08-27 05:33:08.342
607246,CN,t,f,
726736,CN,f,t,
751310,US,f,t,
637363,US,f,t,
655044,HK,f,t,
699488,CN,f,t,
647207,HK,f,t,
678526,US,f,f,
647934,NL,f,f,
632837,US,f,t,
754660,CN,t,f,
645846,US,f,f,2018-05-04 19:42:50.3
754577,CN,t,f,
720169,IN,f,f,
551340,US,f,f,
602022,CN,f,t,
664084,CN,f,t,
603112,US,f,f,
724920,CN,f,t,2019-03-14 04:07:19.075
677029,CN,f,f,
751340,TW,f,f,
556379,CA,f,f,
740402,CN,f,t,
553323,US,t,f,
738318,CN,t,f,2019-09-17 03:29:11.018
601611,CN,t,t,2018-12-17 00:08:04.734
731417,CN,t,f,
698188,US,f,f,
684151,US,f,f,
697667,CN,t,t,
710420,HK,f,t,2019-08-13 07:54:22.132
639080,CN,f,t,2019-02-18 06:39:21.958
639180,TW,f,t,2018-11-16 07:13:11.014
598796,HK,f,t,
751350,CN,f,t,2019-06-05 08:29:16.974
693972,CN,t,f,2018-11-07 12:21:44.445
585871,US,f,f,
682688,CN,t,f,
751339,CN,f,f,
615931,KR,f,f,
699856,US,f,f,
601004,CN,f,t,2019-07-19 03:14:12.064
610088,CN,f,t,2018-10-22 02:59:07.112
754504,IN,f,f,2019-07-29 02:12:57.984
668608,US,f,f,
736089,CN,f,t,
639363,CN,t,f,
664979,CN,f,t,2018-05-18 03:17:15.175
547467,US,f,f,2018-03-13 23:34:29.545
721390,CN,f,f,
723390,CN,f,t,2019-01-03 07:08:28.462
741264,HK,f,t,2019-04-25 06:28:40.329
552009,US,f,f,
649763,CN,t,t,2018-11-07 09:42:34.09
628132,CN,f,t,
727905,US,f,f,2019-02-18 09:26:10.606
632642,CN,f,t,2018-08-22 06:09:23.751
671134,HK,f,t,2018-11-27 03:33:59.378
553975,US,f,t,2018-11-07 09:06:19.138
751529,US,t,f,
635835,HK,f,t,2018-11-01 04:34:11.457
732648,CN,f,t,2019-07-05 10:48:21.948
751333,IN,f,f,
760594,CN,f,t,2019-07-18 06:26:20.17
720943,TW,f,t,
748398,CN,f,f,
689150,HK,f,t,2018-11-20 07:13:21.514
667775,DE,f,f,2018-06-12 08:39:10.381
642286,GB,t,f,2019-08-15 09:34:39.752
648060,CN,f,t,2018-11-27 03:19:36.53
558460,US,f,f,2019-05-28 07:11:37.733
730645,CN,f,t,2019-03-25 02:22:04.002
583515,US,f,f,
756251,CN,f,t,
559183,CN,t,t,
736295,CN,f,f,
547315,US,f,f,
760031,CN,t,f,
664765,HK,f,t,
548311,US,f,f,2018-01-10 10:15:19.715
677036,CN,f,t,2019-07-05 05:47:11.599
611557,HK,f,t,2018-08-19 14:16:00.946
736580,CN,f,t,
765564,CN,t,f,2019-08-12 03:42:50.321
669679,CN,f,t,
594063,US,t,f,
738505,CN,f,f,
754766,CN,f,t,2019-06-19 03:23:11.41
606265,TW,f,f,
735282,CN,t,f,
588399,CN,f,t,2018-08-21 03:54:03.554
631939,CN,t,t,2018-05-18 03:18:09.62
694394,US,f,f,
686147,IN,f,f,
635623,CN,f,t,2018-05-18 03:13:51.635
744971,HK,f,f,
674053,CN,t,t,
665667,DE,f,f,
672020,CN,t,f,
643317,US,f,f,2018-10-29 18:59:25.243
699491,CN,f,t,
695400,DE,f,f,2018-08-22 11:48:25.901
673050,HK,f,t,
719408,CN,f,f,
547532,US,f,f,
625195,CA,f,t,
695116,CN,f,f,
630718,US,f,f,
754489,HK,f,t,2019-08-09 07:55:39.167
695341,CN,f,t,2019-06-11 03:56:08.926
681881,HK,f,t,
670051,HK,t,t,2018-08-21 10:31:01.297
643050,HK,f,t,
664947,CN,f,t,2018-11-01 04:22:31.164
755158,CN,f,f,
730765,US,f,t,
624548,CN,f,t,2018-08-17 09:35:19.845
715734,HK,t,f,
678972,SE,f,f,
599962,CN,f,t,2018-08-24 07:49:17.534
754062,CN,f,t,
671810,US,f,f,
644270,CN,f,t,
674587,US,t,f,
734178,HK,f,t,2019-04-29 06:48:42.242
748415,CN,t,f,
826,US,f,f,
639909,AU,f,t,
731953,CN,f,t,
677034,CN,f,t,2018-09-26 00:37:37.192
723432,HK,f,t,
751238,CN,t,f,2019-08-26 03:19:18.393
635346,HK,f,t,2018-11-27 03:25:57.137
671915,CN,f,t,2018-08-22 06:17:50.767
638069,CN,t,f,
681487,HK,f,t,
593903,CH,f,f,
639362,CN,f,t,2018-11-16 06:57:16.164
677346,US,f,f,
668169,CN,t,t,2018-08-24 07:46:21.068
750104,CN,f,t,
741219,HK,f,t,
631966,CN,t,t,
695143,CN,t,f,
688080,CN,f,t,
768676,HK,f,f,2019-09-06 05:59:02.618
747869,TW,f,f,2019-05-21 09:18:08.976
620850,HK,f,t,2018-10-08 07:24:55.183
547547,US,f,f,
587387,US,f,t,
737970,CN,f,t,
702790,US,f,f,
637012,HK,f,t,2018-08-24 07:21:04.58
684887,IN,f,f,
699238,DE,f,f,
751322,HK,f,t,
748134,CN,f,t,2019-05-20 08:06:56.376
632122,US,f,f,
731971,HK,f,t,
754566,US,f,t,2019-07-23 03:16:31.2
613822,CN,t,t,
759634,HK,f,t,2019-07-16 03:56:42.109
595524,HK,f,t,
589488,CN,t,t,
552355,US,f,f,
616951,US,f,t,
677032,CN,f,t,
767630,CN,f,t,
668005,IN,f,f,
740994,CN,f,t,2019-04-29 03:56:56.068
605365,US,f,f,
703701,US,f,f,
548834,CN,f,t,2018-08-27 05:55:42.118
733160,CN,f,t,2019-03-07 07:33:58.541
692696,TW,t,f,
546577,US,f,f,
613432,US,f,f,
749694,CN,t,f,
631315,US,t,f,
641475,CN,t,f,
551335,US,f,t,
681812,HK,f,t,2018-10-29 06:22:54.472
660322,US,f,f,
664895,TW,t,t,2018-08-24 07:20:21.3
597263,CN,t,f,
711029,CN,f,t,
599164,US,f,f,
614035,US,f,t,
705492,US,f,f,
550240,HK,t,t,
810,US,f,t,2018-06-13 10:07:49.991
645197,CN,f,t,
701581,CN,t,t,2019-08-28 08:09:13.102
684491,CN,t,f,2019-05-22 12:33:42.504
552017,CN,t,t,
627762,US,f,f,
547664,HK,f,t,
619956,US,t,t,2019-01-09 09:13:19.248
616906,AT,f,f,
556687,CN,t,f,
551932,US,f,f,2018-02-26 10:00:32.713
615803,HK,t,f,
701609,HK,f,t,
686623,CN,f,f,
545788,US,f,f,
743797,IN,f,f,
635642,HK,f,t,
731324,CN,t,f,
560018,US,f,t,
723335,US,f,f,
642264,CN,f,t,2018-01-30 05:40:05.744
678297,HK,f,t,
630680,CN,f,t,2018-12-17 09:34:29.418
721632,CN,f,t,2019-04-23 07:08:47.056
736092,HK,f,t,
698590,CN,t,f,
708424,CN,f,t,2018-10-19 02:16:33.819
597320,TW,f,t,2018-05-18 03:10:07.51
552816,US,f,t,2017-12-15 16:53:16.28
671359,DE,f,f,2019-08-16 12:20:10.345
607088,US,f,t,2018-07-29 01:38:18.595
735904,US,f,f,
652043,US,f,f,
745172,IN,f,f,
731872,US,f,f,2019-08-12 18:08:56.765
633171,US,f,f,
732811,US,f,f,
662065,HK,f,t,2018-08-21 03:52:54.654
2800,DE,f,t,
715402,US,f,f,
690854,CN,t,f,2019-08-06 07:35:41.113
547979,HK,t,f,2019-03-13 06:44:39.569
676823,CN,f,t,
750427,CN,f,f,
543023,US,f,f,
674971,CN,t,t,
632222,CN,t,f,
682251,CN,f,t,2018-11-30 03:43:57.961
751321,CN,t,f,
729519,BR,f,f,
710568,US,f,f,
868,US,f,f,
641220,HK,f,t,
681163,US,f,f,
677954,CN,f,t,2018-12-20 06:56:00.048
595533,CN,t,f,
679543,CN,f,t,2018-11-21 05:38:24.837
728011,VN,f,f,
610633,US,f,f,
552817,US,f,t,
653222,DK,f,f,2019-08-26 07:26:35.444
639365,TW,t,f,
688150,CN,t,f,
734918,US,f,f,
602505,US,f,f,
656536,SE,f,f,2019-07-24 11:09:41.521
641472,CN,t,f,2019-08-29 08:58:34.244
691952,HK,f,t,2018-07-25 04:21:25.906
594047,US,t,f,
612987,DE,f,f,
654219,US,f,f,2017-12-21 23:56:47.004
695545,US,f,f,
736004,TH,f,f,
695024,IN,f,f,
553977,CN,f,t,
674556,CN,f,t,2018-09-05 02:42:47.501
614723,CN,t,f,
665800,US,f,f,
759961,IN,f,f,
600208,HK,f,t,2017-05-23 22:05:17.02
719753,US,f,t,
553219,US,f,t,
589706,CN,f,t,
720852,US,f,f,
656739,AT,f,f,
754554,TW,f,f,
730135,TW,f,f,
547889,HK,f,t,2018-08-24 07:22:16.959
735273,IN,f,f,
745206,CA,f,f,
1207,US,f,f,
751316,CN,t,f,2019-08-08 03:39:46.297
618066,CN,f,t,2018-05-18 01:43:56.3
588387,US,f,f,2017-03-27 23:56:34.895
724162,CN,f,t,
663013,US,f,f,
600478,CN,f,t,2018-05-18 01:45:58.623
611730,US,f,f,
680739,CN,f,f,
598641,TW,t,t,2018-05-18 09:13:00.043
701826,HK,t,t,2019-03-25 09:52:36.584
694124,IN,f,f,
680221,HK,f,t,
590674,CN,f,t,2018-06-13 10:04:34.893
597794,US,f,f,2018-01-09 23:28:58.633
716419,US,t,f,
610588,US,f,t,2019-09-09 20:07:00.462
706078,IN,f,f,
609821,DE,f,f,2018-05-18 03:17:29.929
679612,DE,f,f,
658807,CN,f,t,
677097,CN,f,t,2018-09-04 02:31:15.214
639179,CN,t,f,
754505,CN,f,t,
680817,CN,f,t,2018-06-07 03:23:09.445
593157,CN,t,f,
648468,CN,f,t,
603841,NL,f,f,
653471,CN,t,t,
569575,CN,f,t,2018-11-01 04:38:13.818
640894,CN,f,t,2018-12-20 05:55:56.707
636799,HK,f,t,
758986,CN,f,t,2019-08-12 10:19:56.935
673817,CN,f,t,
678244,CN,t,f,
739655,CN,f,t,
673085,US,f,f,
731358,US,f,f,2019-07-15 03:15:34.555
631027,HK,f,t,2019-06-28 08:15:30.004
751059,CN,t,f,
647345,TW,t,f,
683395,CN,t,f,
731987,CN,f,t,
751254,TW,f,t,2019-08-28 05:39:41.023
678966,CN,f,t,
589372,HK,f,t,
1263,US,f,f,2018-03-02 07:16:51.907
736098,CN,f,t,
652542,CN,t,t,
635838,CN,f,t,
732998,US,f,f,
666747,HK,f,t,
3260,US,f,f,
749696,CN,t,f,
738392,US,f,f,
683722,CA,f,f,
589197,CN,f,t,2018-08-24 07:23:34.728
644159,CN,f,t,2018-12-13 03:20:24.729
668254,CN,t,t,
633887,NL,f,f,
638751,CN,f,t,
594522,CN,f,t,2018-07-26 03:15:24.825
560241,CN,t,t,
700923,GB,f,f,
754586,CN,f,f,
672736,HK,t,t,
552804,US,f,f,
749698,CN,f,f,
717994,CN,f,t,2019-04-10 02:09:05.796
752929,IN,f,f,
706708,SC,f,t,
3360,US,f,f,
718505,US,f,t,
555949,US,f,f,
690158,CN,f,f,
748386,CN,t,f,
658865,US,f,f,
556529,HK,f,t,
682913,HK,f,t,
549259,DE,f,f,
744567,US,f,f,
668356,CA,t,f,2018-09-05 19:41:57.925
671086,VN,f,f,
627731,ES,f,f,
703225,CN,t,f,
542534,US,f,f,
732192,CN,f,t,
695350,CN,f,t,2018-11-28 08:05:18.045
668555,IN,f,f,
653808,CN,f,t,
642017,CN,f,t,2018-05-18 03:13:29.261
676677,CN,f,t,
587340,HK,f,t,
587372,HK,f,t,
582863,NL,f,f,
757561,CN,f,t,
641227,HK,f,t,
753765,TW,f,t,
627827,TW,f,t,
745626,CN,f,t,
597471,CN,f,t,2018-08-19 14:22:32.764
667231,HK,f,t,
556684,US,f,t,
547562,US,f,t,2018-08-24 07:23:13.842
551979,US,f,f,
680937,US,t,f,
645809,US,f,t,
595195,HK,f,t,
673503,CN,f,t,
558950,US,t,f,
688468,CN,f,t,2018-10-19 03:18:38.608
754634,ID,f,f,
612365,US,t,f,2018-11-23 05:42:55.801
657411,TR,f,f,
674124,HK,f,t,2018-09-19 02:54:41.629
641598,CN,f,t,2018-05-18 03:15:29.617
686610,US,f,f,2018-06-29 02:37:14.253
660007,HK,f,t,
754670,IN,f,f,
672035,HK,t,t,
593334,CN,t,t,2018-05-18 01:35:19.947
705971,US,t,f,
627975,IT,f,f,
681986,CN,t,f,
675392,CN,t,t,
634550,US,t,f,
610768,CN,f,t,
651371,US,t,f,
670782,HK,f,t,
633982,CN,f,t,2019-04-29 09:45:37.661
689013,US,t,t,
673020,CN,f,t,
670900,HK,f,t,
681404,US,f,f,
655209,CN,f,f,
621798,CN,f,t,2018-11-27 03:28:07.372
662880,TW,t,t,2018-08-19 14:19:55.974
552631,US,f,f,2018-12-14 02:32:55.068
736495,US,t,f,
682467,HK,f,t,2018-11-27 04:16:55.528
723833,CN,f,f,2019-03-06 02:12:19.075
712970,CN,f,f,2018-10-31 21:41:50.458
686622,CN,f,f,2019-05-22 11:33:48.191
565851,PR,f,f,
550957,US,f,f,
647276,JP,f,f,
733921,HK,f,t,2019-03-12 02:29:49.132
599540,MY,f,f,
732849,US,f,f,
547352,US,f,f,2018-11-29 19:27:51.779
652385,NL,f,f,2019-07-18 05:36:05.423
684492,CN,t,f,
707882,CN,t,t,
751343,CN,f,t,
551108,US,f,f,
726920,US,f,f,
749243,TW,f,f,
607343,HK,f,t,
686597,CN,f,t,
748308,US,f,f,
683629,CN,f,t,
680,US,f,f,
738032,DE,f,f,
557931,DE,f,f,
597055,TW,f,f,
722121,CN,f,f,
684029,CN,t,f,
603514,US,f,f,
557933,GB,f,t,
722838,HK,f,t,
592452,US,f,f,
688147,US,f,f,2019-01-22 08:13:00.318
759121,CN,f,t,
445,US,f,f,
769035,CN,f,f,2019-08-29 08:45:05.022
551121,US,f,f,
715267,CN,f,t,2019-07-30 04:37:24.019
663516,CN,f,t,
596944,CN,f,t,
655225,CN,f,t,
698580,CN,t,f,
670532,CN,t,f,
635075,CN,t,f,
627554,TW,f,f,
649951,CN,f,t,
693508,CN,f,t,2019-01-11 06:05:56.932
641831,DE,f,f,
639191,CN,t,f,
649824,HK,f,t,
754253,US,f,t,
678359,HK,t,t,
672058,CN,f,t,2018-09-21 03:55:17.24
650066,HK,f,t,2018-08-21 03:51:14.67
674132,CN,t,f,
628512,US,f,f,
704479,US,f,f,
748633,CN,t,f,
683121,CN,f,t,
607332,HU,f,t,
735284,CN,f,t,2019-05-14 01:18:07.528
749309,HK,f,t,2019-09-17 01:52:16.172
629775,US,f,f,
592038,TR,f,f,
549520,US,f,f,
743067,US,t,f,
678485,CN,f,t,2018-11-01 03:45:25.331
732523,US,f,t,
699474,CN,f,t,
672436,CN,f,f,
761088,CN,f,t,2019-09-17 06:08:49.844
667236,US,f,f,
691374,CN,f,f,
726828,CN,f,t,
762718,CN,t,f,2019-08-30 02:43:57.626
754629,TH,f,f,
543097,NL,f,f,
560788,US,f,f,
597551,US,t,f,
716946,US,f,f,
557243,US,f,f,
759067,CN,f,t,
614552,VN,f,f,
614721,CN,t,f,
611802,CN,f,t,
636790,CN,f,t,2018-02-26 10:00:18.708
750367,CN,t,f,
752449,CN,t,f,
630508,CN,f,t,2018-11-27 03:33:27.9
648300,ID,f,f,
598420,US,t,f,
751335,IN,f,f,2019-08-06 02:19:43.082
689518,CN,t,t,2018-11-28 06:37:16.853
677938,US,f,f,
742908,CN,f,t,2019-05-10 08:36:23.531
726289,CN,f,t,2019-02-27 05:48:54.63
754541,TH,f,f,
553231,US,t,t,
544636,US,f,f,
695810,US,f,f,
759122,CN,f,t,
645182,CN,f,t,2018-08-19 14:19:38.605
588497,CN,t,t,2018-04-06 08:27:46.384
680268,US,t,f,
636826,CN,f,t,
732503,VN,f,f,2019-08-28 07:54:36.154
676332,CN,t,t,2019-08-16 20:07:54.471
604088,DE,f,f,
712955,CN,f,f,
746155,US,f,f,
738143,CN,f,t,
642535,GB,f,f,
641969,US,t,f,
553045,GB,t,f,
736889,CN,f,f,
583594,US,f,f,
605036,US,t,f,
582845,US,f,f,2017-10-31 05:56:37.986
738466,CN,f,t,2019-04-12 08:08:02.345
587810,GB,f,t,
735839,CN,t,f,
552946,US,f,f,
636056,CN,f,t,2018-08-22 06:21:37.985
705293,GB,t,f,
589637,HK,f,t,2018-04-04 15:02:19.673
751245,CN,f,t,
635819,HK,f,t,
560724,HK,f,t,
656081,HK,f,t,
734142,IN,f,f,
555948,NL,f,f,
680697,US,f,f,
708924,CN,f,t,
698265,CN,t,t,2018-08-24 03:37:33.019
603721,HK,f,t,2018-09-11 05:56:37.46
721195,ID,f,f,
754488,IN,f,f,
613301,CN,f,t,2018-08-01 04:01:12.476
718220,SG,f,f,
681179,US,t,f,
614720,CN,t,f,
1063,US,f,t,
669295,CN,f,t,
670758,US,f,f,
627948,NL,t,t,2019-08-26 07:26:15.452
636766,CN,f,t,2018-11-01 04:30:42.085
662316,CN,f,t,2018-05-18 03:16:43.07
726908,US,f,f,
659083,CN,f,t,2018-08-22 06:16:32.337
689933,CN,t,f,
723239,CN,f,t,
601739,TW,t,f,
700286,CN,f,t,
634531,US,f,f,
751320,TH,f,f,
709912,US,f,f,
751958,CN,f,t,2019-08-21 01:04:52.271
746305,CN,f,t,
703744,US,t,f,
556455,US,t,f,
754467,HK,f,t,
553797,US,f,f,
669333,US,f,f,
657284,HK,f,t,
660579,CN,f,t,2018-08-31 07:20:32.621
722051,US,t,f,2019-02-20 07:06:55.554
692791,CN,t,f,
751315,IN,f,f,
737107,CN,f,t,2019-03-27 09:17:19.956
679372,HK,f,t,
552363,CN,f,f,
693219,CN,t,f,
545748,US,f,f,
642818,CN,f,t,2018-10-31 06:29:07.399
718330,HK,f,t,
737375,CN,f,t,
589512,CN,f,t,
595746,US,t,f,
592794,CN,f,t,
757318,TW,f,f,
624249,TH,f,f,
607349,CN,f,f,
761365,HK,f,t,2019-08-01 10:16:43.422
700686,NL,f,f,
629939,CN,t,f,
739427,DE,f,f,
583875,CN,f,t,
694127,IN,f,f,
739620,US,f,f,
638759,CN,f,t,2018-05-18 03:13:40.502
677039,CN,f,t,2018-09-26 00:43:36.628
628600,US,t,f,
594997,US,f,f,
637459,CN,t,f,
694232,CN,t,f,
624336,US,f,t,
605928,US,f,f,2019-03-04 15:27:38.335
663256,US,f,f,
721742,US,f,f,
763130,CN,f,t,2019-07-31 03:11:53.01
683130,DE,t,f,
683279,US,f,f,
631242,HK,f,t,2019-09-17 10:09:23.847
731975,HK,f,t,
753029,CN,f,f,
604095,HK,f,t,2018-08-21 03:51:44.448
645871,US,f,t,
624971,US,f,t,
629516,NL,f,f,
2946,US,t,f,
740995,CN,f,t,
731865,US,t,f,
666197,US,t,f,
646671,US,f,t,2018-08-17 06:58:58.097
639245,US,f,f,
675822,TW,f,f,
676067,CN,f,t,
595094,CN,t,t,
639984,CN,t,f,
675697,CN,f,t,2018-11-27 03:27:28.479
663615,US,f,f,
641118,CN,t,f,2019-06-10 11:05:52.8
762987,CN,f,t,2019-08-28 09:44:09.993
752165,CN,f,t,2019-08-06 07:04:31.618
751311,GB,f,f,
3359,US,f,t,
612691,US,t,t,2018-08-19 14:20:24.538
553814,TW,f,f,
737754,CN,t,f,
696677,IN,f,f,
674594,CN,f,t,
638931,AU,f,t,
682808,CN,t,f,
668660,CN,t,f,
745429,CN,t,f,
619714,HK,f,t,
553310,US,f,t,2017-11-21 03:15:32.704
751348,IN,f,f,
608250,HK,t,f,
585308,US,t,f,
606401,CN,t,f,
636803,CN,f,t,
597964,CN,f,t,
630744,US,f,f,
609628,US,f,t,
615269,HK,f,t,
684696,CN,f,t,
672949,HK,f,t,2019-04-23 08:46:22.658
749715,HK,t,f,
739808,US,f,f,
705903,GB,f,f,
641223,HK,f,t,
638467,CN,f,f,2018-05-23 22:52:04.987
703264,IE,t,f,
696351,CN,t,t,
669408,HK,t,t,2018-07-05 04:57:48.581
656301,CN,f,t,2018-08-19 14:26:35.542
723138,CN,f,t,
647893,HK,f,t,2018-05-18 02:26:38.785
748375,CN,t,f,2019-05-21 09:00:26.674
733151,CN,f,t,
723699,CN,t,t,
726000,CN,t,f,
692378,CN,t,t,2019-04-24 02:19:19.68
642576,US,f,f,
668929,CN,t,f,
589013,US,f,f,
761442,CN,f,t,2019-09-02 04:00:55.675
685278,CN,t,f,
636305,TW,f,f,
588403,US,f,f,
751342,CN,f,f,
771205,TW,f,f,2019-09-11 06:05:57.07
604635,US,t,f,
737914,CN,t,f,2019-04-09 02:51:07.837
584899,CN,t,f,
686176,IN,f,f,
582210,HK,f,t,2018-09-04 05:12:55.106
676414,CA,t,f,
715902,US,f,f,
670271,US,f,f,
598227,US,f,f,
589047,NO,f,f,
615250,HK,t,f,
708812,CN,f,t,2018-10-19 10:39:28.736
746089,CN,f,t,
624651,HK,f,t,2019-07-02 08:17:50.469
606577,VN,f,f,
543340,US,f,f,
616732,HK,f,t,
679980,HK,t,t,2018-10-15 08:18:21.905
551082,AU,f,t,
649461,CN,t,t,2018-10-19 07:13:24.171
636381,IN,f,f,
565287,US,f,f,
740735,CN,f,t,
759440,VN,f,f,
599278,US,f,f,
749700,CN,t,f,
629717,HK,f,t,
757196,US,f,f,2019-09-05 16:55:46.145
582631,US,f,f,
648136,CN,f,t,
743681,TW,f,t,
650843,CN,f,t,
679388,HK,t,f,
636601,HK,f,t,2018-11-27 03:36:54.38
754506,CN,t,f,
673930,CN,t,f,
588232,US,f,f,
640074,CN,t,f,
754510,IN,f,f,
673889,US,f,f,
614716,TW,f,f,
